id,first_name,last_name,email,salario
1,Trumaine,Wickwarth,twickwarth0@imgur.com,$3181.92
2,Addy,Bryett,abryett1@creativecommons.org,$4608.43
3,Jordan,Briscow,jbriscow2@tripadvisor.com,$4882.26
4,Marsh,Doerffer,mdoerffer3@un.org,$1287.74
5,Ertha,Rolling,erolling4@washington.edu,$8182.57
6,Gasparo,Bartosiak,gbartosiak5@angelfire.com,$9400.84
7,Saunder,Reast,sreast6@simplemachines.org,$4741.17
8,Balduin,Tatlow,btatlow7@phoca.cz,$1753.21
9,Bertrando,Stansfield,bstansfield8@yellowpages.com,$2031.46
10,Menard,Mayhew,mmayhew9@altervista.org,$8374.89
11,Ky,Searchfield,ksearchfielda@delicious.com,$2430.24
12,Amargo,Munt,amuntb@joomla.org,$8000.98
13,Jessika,Ajsik,jajsikc@linkedin.com,$1371.81
14,Daisi,Chominski,dchominskid@jigsy.com,$9810.08
15,Powell,Alldritt,palldritte@sphinn.com,$8586.46
16,Anabella,Tiptaft,atiptaftf@yellowbook.com,$4598.51
17,Zara,Driver,zdriverg@webmd.com,$8459.79
18,Whitby,Rymmer,wrymmerh@intel.com,$6650.13
19,Eb,Preece,epreecei@fema.gov,$2258.92
20,Emanuele,Chrichton,echrichtonj@github.io,$8142.34
21,Tulley,Combe,tcombek@economist.com,$7571.92
22,Silvan,Gresser,sgresserl@jimdo.com,$4894.43
23,Lacie,Radborn,lradbornm@multiply.com,$1523.33
24,Haley,Crannell,hcrannelln@engadget.com,$2642.52
25,Shaun,Rennles,srennleso@scribd.com,$6100.22
26,Birch,Oulner,boulnerp@netlog.com,$1106.83
27,Levy,Tiernan,ltiernanq@google.nl,$1989.31
28,Eleonore,Sewall,esewallr@rambler.ru,$7737.53
29,Dion,Kitson,dkitsons@altervista.org,$9327.44
30,Xerxes,Grier,xgriert@1und1.de,$8073.70
31,Ladonna,Reef,lreefu@domainmarket.com,$5480.40
32,Giffie,Matyushonok,gmatyushonokv@arstechnica.com,$6487.55
33,Amberly,Maudlen,amaudlenw@flickr.com,$5092.84
34,Junia,Raspison,jraspisonx@harvard.edu,$4053.08
35,Bern,Le Count,blecounty@earthlink.net,$8057.18
36,Travers,Harrowing,tharrowingz@walmart.com,$5200.08
37,Shel,Snoxall,ssnoxall10@cafepress.com,$5726.20
38,Alta,Tidmarsh,atidmarsh11@skyrock.com,$5683.26
39,Chantal,Baudts,cbaudts12@moonfruit.com,$9455.94
40,Aldridge,Mindenhall,amindenhall13@flickr.com,$3170.51
41,Charlie,Mowen,cmowen14@topsy.com,$2062.55
42,Nonah,Morbey,nmorbey15@mozilla.org,$9673.69
43,Lenka,Capin,lcapin16@paginegialle.it,$9722.81
44,Gabriel,Voce,gvoce17@vistaprint.com,$5796.02
45,Randell,Maryin,rmaryin18@addthis.com,$3011.97
46,Cally,Pessold,cpessold19@purevolume.com,$1153.12
47,Averil,Byway,abyway1a@usnews.com,$9495.26
48,Stormie,Huckin,shuckin1b@mac.com,$4968.91
49,Alessandra,Jacombs,ajacombs1c@over-blog.com,$4259.88
50,Mariele,Cruft,mcruft1d@ibm.com,$2856.79
